<library path="nav2_rviz_plugins">

  <class name="nav2_rviz_plugins/GoalTool"
         type="nav2_rviz_plugins::GoalTool"
         base_class_type="rviz_common::Tool">
    <description>A tool used to specify the navigation goal pose.</description>
  </class>

  <class name="nav2_rviz_plugins/Navigation 2"
         type="nav2_rviz_plugins::Nav2Panel"
         base_class_type="rviz_common::Panel">
    <description>The Nav2 rviz panel.</description>
  </class>

  <class name="nav2_rviz_plugins/ParticleCloud"
         type="nav2_rviz_plugins::ParticleCloudDisplay"
         base_class_type="rviz_common::Display">
    <description>The Particle Cloud rviz display.</description>
  </class>

</library>
